timestamp_utc,total_tracked,challenger_count,gm_count,master_count,games_detected_by_lp,lp_wins_detected,lp_losses_detected
2026-07-03T00:20:38,3076,200,500,2376,0,0,0
2026-07-03T00:25:28,3080,200,500,2380,35,20,15
2026-07-03T00:30:48,3080,200,500,2380,21,8,13
2026-07-03T00:35:32,3080,200,500,2380,0,0,0
2026-07-03T00:40:39,3080,200,500,2380,31,20,11
2026-07-03T00:45:36,3080,200,500,2380,15,8,7
2026-07-03T00:50:39,3081,200,500,2381,10,4,6
2026-07-03T00:55:33,3081,200,500,2381,47,24,23
2026-07-03T01:00:51,3081,200,500,2381,11,5,6
2026-07-03T01:05:29,3083,200,500,2383,57,28,29
2026-07-03T01:10:43,3083,200,500,2383,4,3,1
2026-07-03T01:15:37,3083,200,500,2383,17,10,7
2026-07-03T01:20:46,3082,200,500,2382,35,17,18
2026-07-03T01:25:31,3083,200,500,2383,20,10,10
2026-07-03T01:30:43,3083,200,500,2383,0,0,0
2026-07-03T01:35:28,3083,200,500,2383,52,32,20
2026-07-03T01:40:43,3083,200,500,2383,0,0,0
2026-07-03T01:45:30,3083,200,500,2383,28,18,10
2026-07-03T01:50:42,3084,200,500,2384,16,11,5
2026-07-03T01:55:41,3087,200,500,2387,11,3,8
2026-07-03T02:00:46,3090,200,500,2390,29,15,14
